{
    "Fe II 1608": {
        "wave_range": [
            1606.84155,
            1610.05845
        ],
        "ldc": {
            "quadratic": [
                1.8993123424491363,
                -0.9205391552447921
            ],
            "nonlinear": [
                0.5817428912725129,
                -2.010584136176245,
                2.7329191111746742,
                -0.27978951256942214
            ]
        }
    },
    "Al II 1671": {
        "wave_range": [
            1669.06926,
            1672.41074
        ],
        "ldc": {
            "quadratic": [
                1.9322009666971962,
                -0.9602083834172367
            ],
            "nonlinear": [
                0.7011928734934989,
                -2.2579835125653025,
                2.833152392091387,
                -0.23885600935860868
            ]
        }
    },
    "Si II 1533": {
        "wave_range": [
            1531.9165500000001,
            1534.98345
        ],
        "ldc": {
            "quadratic": [
                2.262905905633048,
                -1.325911008648629
            ],
            "nonlinear": [
                0.28405955316134573,
                -0.3037381303461679,
                -0.9210232925777657,
                1.9520477281218722
            ]
        }
    },
    "Si II 1526": {
        "wave_range": [
            1525.19328,
            1528.24672
        ],
        "ldc": {
            "quadratic": [
                2.2439345000971174,
                -1.2953096731355915
            ],
            "nonlinear": [
                0.4463119566270147,
                -1.0202547516536038,
                0.21543075221329347,
                1.385533706122793
            ]
        }
    },
    "S I 1425": {
        "wave_range": [
            1423.6049699999999,
            1426.45503
        ],
        "ldc": {
            "quadratic": [
                2.5325118226798087,
                -1.6178593643766608
            ],
            "nonlinear": [
                -0.138762963638921,
                1.518398536359573,
                -4.210310193096059,
                3.816709017843365
            ]
        }
    },
    "S I 1433": {
        "wave_range": [
            1431.84672,
            1434.71328
        ],
        "ldc": {
            "quadratic": [
                2.5859287960380954,
                -1.6748283422305403
            ],
            "nonlinear": [
                -0.26153269320428457,
                2.0041646225773735,
                -5.012920629964158,
                4.2483855425598325
            ]
        }
    },
    "N I 1494": {
        "wave_range": [
            1492.1563500000002,
            1495.14365
        ],
        "ldc": {
            "quadratic": [
                2.4011547758339153,
                -1.4671771580768525
            ],
            "nonlinear": [
                0.2994502475597618,
                -0.32816773421717926,
                -1.2082158674751364,
                2.2547743668776365
            ]
        }
    },
    "C I 1657": {
        "wave_range": [
            1655.343,
            1658.657
        ],
        "ldc": {
            "quadratic": [
                2.058565625649808,
                -1.139234219623666
            ],
            "nonlinear": [
                0.19337179696281123,
                0.3313963911681551,
                -1.6427750743290745,
                2.1114282233249426
            ]
        }
    },
    "C I 1561": {
        "wave_range": [
            1559.439,
            1562.561
        ],
        "ldc": {
            "quadratic": [
                2.19097300026779,
                -1.2843501914330953
            ],
            "nonlinear": [
                -0.05981957093961805,
                1.42111953550181,
                -3.5470194532165724,
                3.163142389906073
            ]
        }
    }
}