{
    "Fe II 1608": {
        "wave_range": [
            1606.84155,
            1610.05845
        ],
        "ldc": {
            "quadratic": [
                1.9582831445450435,
                -0.9812405552432141
            ],
            "nonlinear": [
                0.6251628826509708,
                -2.149097236204477,
                2.7756054800685486,
                -0.22198859412568733
            ]
        }
    },
    "Al II 1671": {
        "wave_range": [
            1669.06926,
            1672.41074
        ],
        "ldc": {
            "quadratic": [
                1.9900960414906559,
                -1.0195800928265428
            ],
            "nonlinear": [
                0.7206155788693114,
                -2.2963978193024666,
                2.735975115368417,
                -0.11828954600978253
            ]
        }
    },
    "Si II 1533": {
        "wave_range": [
            1531.9165500000001,
            1534.98345
        ],
        "ldc": {
            "quadratic": [
                2.317333831081413,
                -1.3842907733548375
            ],
            "nonlinear": [
                0.22157257602393896,
                0.0019306653786945402,
                -1.5147571759481018,
                2.3006965021670975
            ]
        }
    },
    "Si II 1526": {
        "wave_range": [
            1525.19328,
            1528.24672
        ],
        "ldc": {
            "quadratic": [
                2.3002842905919256,
                -1.3560236337806393
            ],
            "nonlinear": [
                0.4026145598766748,
                -0.7826022201528854,
                -0.2932259636803548,
                1.6994635373203792
            ]
        }
    },
    "S I 1425": {
        "wave_range": [
            1423.6049699999999,
            1426.45503
        ],
        "ldc": {
            "quadratic": [
                2.584828000546691,
                -1.676281197669876
            ],
            "nonlinear": [
                -0.28146340001419656,
                2.12965818421,
                -5.227260361118754,
                4.355839103250315
            ]
        }
    },
    "S I 1433": {
        "wave_range": [
            1431.84672,
            1434.71328
        ],
        "ldc": {
            "quadratic": [
                2.6378748159474186,
                -1.7333038266079088
            ],
            "nonlinear": [
                -0.41481512604591325,
                2.6576875151940085,
                -6.090102191983093,
                4.815057144196227
            ]
        }
    },
    "N I 1494": {
        "wave_range": [
            1492.1563500000002,
            1495.14365
        ],
        "ldc": {
            "quadratic": [
                2.4564049367253573,
                -1.528271715293136
            ],
            "nonlinear": [
                0.22022086198596832,
                0.06020897896612934,
                -1.9377949452179197,
                2.6714221277198793
            ]
        }
    },
    "C I 1657": {
        "wave_range": [
            1655.343,
            1658.657
        ],
        "ldc": {
            "quadratic": [
                2.1081006122838053,
                -1.1887120423132662
            ],
            "nonlinear": [
                0.05435665735407122,
                0.8336080137985148,
                -2.4137491522608587,
                2.5111114757129522
            ]
        }
    }
}